<?xml version="1.0"?>
<project name="Db4objects.Db4odoc" default="sharpen-docs">
	<property file="sharpen.properties" />

	<macrodef name="reset-dir">
		<attribute name="dir" />
		<sequential>
			<delete dir="@{dir}" />
			<mkdir dir="@{dir}" />
		</sequential>
	</macrodef>

	<macrodef name="sharpen">
		<attribute name="workspace" />
		<attribute name="resource" />

		<element name="args" optional="yes" />

		<sequential>
			<exec executable="${file.jvm.jdk1.5}" failonerror="true" timeout="1800000">
				<arg value="-Xms256m" />
				<arg value="-Xmx512m" />
				<arg value="-cp" />
				<arg value="${eclipse.startup.jar}" />
				<arg value="org.eclipse.core.launcher.Main" />
				<arg value="-data" />
				<arg file="@{workspace}" />
				<arg value="-application" />
				<arg value="sharpen.core.application" />
		        <arg value="-header" />
		        <arg file="header.txt" />
				<arg value="@{resource}" />

				<args />

			</exec>
		</sequential>
	</macrodef>


  <!-- Main target -->
  <target name="sharpen-docs" depends="clean">

    <property name="target.dir" location="sharpen" />

    <!-- Copy java files to the resource folder -->
    <copy todir="${target.dir}/sharpened/src">
	
	  <!-- CHECK THIS SETTING 
	  	   Make sure that the fileset dir below points to the root folder 
	       containing the Java source code files you want to convert to C#
	  -->
      <fileset dir="src">
        <include name="**/*.java" />
      </fileset>
    </copy>

        <!-- Sharpen java files -->
    <sharpen workspace="${target.dir}" resource="sharpened/src">
      <args>

	  	<!-- CHECK THIS SETTING 
	  	   Make sure that you have an arg value/path element for 
	  	   EVERY external jar file that your Java project references.
	  	   You can get the list of these by right clicking on the project,
	  	   choosing Build Path -> Configure Build Path, and then checking the Libraries tab.
	  	-->
        <!-- classpath needed for java sources compilation -->
        <arg value="-cp" />
		<arg path="C:/eclipse/workspace/myproject/libs/kxml2-2.3.0.jar" />
		<arg value="-cp" />
		<arg path="C:/eclipse/workspace/myproject/libs/regexp-me.jar" />
		
        <!-- Sharpen options are defined in a separate file -->
        <arg value="@sharpen-all-options" />
      </args>
    </sharpen>

  </target>

  <!-- Remove resources from the previous convertion run -->
  <target name="clean" description="Delete all generated files">
    <delete failonerror="true" includeemptydirs="true" 
description="Removing all generated files">
      <fileset dir="sharpen">
        <include name="**/*" />
        <exclude name="**/lib/*" />
      </fileset>
    </delete>
  </target>
</project>